repetition,ue_level,registration_success_rate_percent,registration_latency_median_ms,registration_latency_p95_ms,pdu_session_success_rate_percent,pdu_session_latency_median_ms,pdu_session_latency_p95_ms,icmp_loss_percent_max,icmp_rtt_average_ms,tcp_forward_aggregate_mbps,tcp_forward_per_ue_median_mbps,tcp_forward_jain_fairness,tcp_forward_retransmits,tcp_reverse_aggregate_mbps,tcp_reverse_target_attainment_percent,tcp_reverse_retransmits,udp_aggregate_mbps,udp_target_attainment_percent,udp_loss_percent_max,udp_jitter_ms_p95,new_restarts
1,1,100.0,34.0,34.0,100.0,219.0,219.0,0.0,2.089,100.15592578962948,100.15592578962948,1.0,179,9.996470517097709,99.96470517097708,1,0.9999674022448988,99.99674022448988,0.0,0.16627166912961963,0
1,3,100.0,95.0,152.0,100.0,68.0,220.0,0.0,1.4913333333333334,76.07020984276666,25.346922524469875,0.9999684167450732,679,29.989557502333383,99.96519167444461,2,3.0000137330078562,100.00045776692855,0.0,0.2914126066610559,0
1,5,100.0,136.0,234.0,100.0,205.0,221.0,0.0,1.6964,83.41807799816881,16.450045232584024,0.9927905000993102,1599,49.98206869168827,99.96413738337654,17,4.999691767825297,99.99383535650594,0.0,0.22942250733953584,0
2,1,100.0,60.0,60.0,100.0,212.0,212.0,0.0,2.197,114.69984633258272,114.69984633258272,1.0,233,9.99648517867675,99.9648517867675,0,0.9998934152274112,99.98934152274111,0.0,0.2056140672272503,0
2,3,100.0,30.0,47.0,100.0,26.0,248.0,0.0,1.729,94.80731613331938,30.841078051577274,0.9987302239652728,1026,29.989756776796277,99.96585592265426,2,2.999859145286535,99.99530484288451,0.0,0.1844643327566853,0
2,5,100.0,40.0,43.0,100.0,88.0,93.0,0.0,1.2662,91.70229154736886,17.614073492708098,0.9798145680042823,1919,49.98291040566728,99.96582081133457,199,4.999875876439959,99.99751752879918,0.0,0.202718979632432,0
3,1,100.0,62.0,62.0,100.0,216.0,216.0,0.0,2.024,121.6107938145285,121.6107938145285,1.0,293,9.996861729419633,99.96861729419632,1,0.999934606648324,99.9934606648324,0.0,0.2302128749569018,0
3,3,100.0,54.0,55.0,100.0,229.0,232.0,0.0,1.3343333333333334,79.38427891193076,26.193811664032072,0.9996520741760014,729,29.98886376019886,99.96287920066287,3,2.9997536306915564,99.99178768971855,0.0,0.2627809814481267,0
3,5,100.0,83.0,90.0,100.0,20.0,27.0,0.0,0.9782,94.36020762862182,19.15077476666082,0.9989317558551919,2052,49.98253654403898,99.96507308807796,120,4.999947613523034,99.99895227046068,0.0,0.2466004137410987,0
