repetition,component,attempt,service_recovery_mode,mttd_seconds,replacement_ready_seconds,mttr_seconds,baseline_restoration_seconds,user_plane_disruption_observed,user_plane_disruption_seconds,prometheus_target_down_observed,prometheus_target_detection_seconds,prometheus_target_recovery_seconds,baseline_restored
1,amf,1,operator-assisted,0.1633758544921875,4.4814207553863525,212.18680953979492,212.18680953979492,True,119.40645503997803,True,2.2900002002716064,18.290000200271606,True
1,smf,1,operator-assisted,0.18980979919433594,4.475391149520874,210.75661730766296,210.75661730766296,True,55.48690676689148,True,133.62800002098083,147.62800002098083,True
1,upf,1,operator-assisted,0.23153018951416016,6.719082593917847,209.80099153518677,209.80099153518677,True,162.56039714813232,False,,,True
2,amf,1,operator-assisted,0.17652368545532227,4.479745864868164,206.79075598716736,206.79075598716736,True,130.002347946167,False,,,True
2,smf,1,operator-assisted,0.15624618530273438,4.394923686981201,207.1654713153839,207.1654713153839,True,74.31381559371948,False,,,True
2,upf,1,operator-assisted,0.21383333206176758,6.581033945083618,211.186420917511,211.186420917511,True,155.82546019554138,True,130.67600011825562,144.67600011825562,True
3,amf,1,operator-assisted,0.20791363716125488,4.5461297035217285,213.60791754722595,213.60791754722595,True,117.3701663017273,True,1.8889999389648438,15.888999938964844,True
3,smf,1,operator-assisted,0.17705869674682617,4.432227849960327,213.73459362983704,213.73459362983704,True,72.27413010597229,True,1.6979999542236328,17.697999954223633,True
3,upf,1,operator-assisted,0.16867589950561523,4.45892858505249,210.86556363105774,210.86556363105774,True,154.03617811203003,False,,,True
